Workbook

Sheet Bia
A1: CỘNG HÒA XÃ HỘI CHỦ NGHĨA VIỆT NAM
A2: Độc Lập - Tự Do - Hạnh Phúc
A10: SỔ THEO DÕI
A11: KẾT CẤU HẠ TẦNG ĐƯỜNG BỘ
A13: Đơn vị QL, BDTX:………………….
A14: Tên Hạt:…………...Lý trình quản lý: Km….+….. -Km….+….
A15: Tên đường: ………….
A16: Bắt đầu ngày:................../………../………………………................
A17: Hết quyển ngày:………../………../……………………….................
A25: …….,Năm 2024

Sheet Huong dan
A1: Phụ lục số 11
A2: HƯỚNG DẪN LẬP, GHI CHÉP SỔ THEO DÕI KẾT CẤU HẠ TẦNG GIAO THÔNG
A4: Căn cứ Nghị định 44/2024/ND-CP ngày 24/4/2024 quy định việc quản lý, sử dụng và khai thác tài sản kết cấu hạ tầng giao thông đường bộ; Căn cứ Thông tư số 41/2024/TT-BGTVT ngày 15/11/2024 của Bộ Giao thông vận tải (nay là Bộ Xây dựng) quy định về quản lý, vận hành, khai thác và bảo trì kết cấu hạ tầng đường bộ; Căn cứ Hợp đồng Bảo dưỡng thường xuyên .........
A6: I. MỤC ĐÍCH
A7: - Quản lý, sử dụng và khai thác kết cấu hạ tầng giao thông, để chủ động theo dõi các hư hỏng có biện pháp khắc phục kịp thời hư hỏng trên tuyến nhằm hạn chế phát sinh và nâng cao hiệu quả công tác quản lý, bảo trì quốc lộ, đường tỉnh đáp ứng nhu cầu đi lại của nhân dân
A8: - Sổ theo dõi kết cấu hạ tầng giao thông nhằm phục vụ công tác báo cáo kê khai và cập nhật vào cơ sở dữ liệu về tài sản kết cấu hạ tầng giao thông đường bộ để quản lý thống nhất.
A9: II. YÊU CẦU
A10: - Tuần đường thường xuyên kiểm tra đánh giá và cập nhật các biến động tài sản kết cấu hạ tầng đường bộ và đề xuất giải pháp xử lý kịp thời nâng cao hiệu quả công tác quản lý, bảo trì. - Hàng tháng, hàng quý, khi nghiệm thu công tác BDTX, Hồ sơ quản lý nhà hạt phải được xuất trình để hội đồng nghiệm thu xem xét đánh giá công tác quản lý theo tháng, quý đó. - Sổ theo dõi kết cấu hạ tầng giao thông được theo dõi từ tháng 1 đến tháng 12, hết năm đơn vị đưa vào lưu trữ.
A11: III. QUY CÁCH HỒ SƠ
A12: 1) Loại hồ sơ: Sổ theo dõi kết cấu hạ tầng giao thông (Khổ A4 ngang).
A13: 2) Bìa hồ sơ: Trên bìa hồ sơ ghi rõ tên đơn vị trúng thầu QL, BDTX; Tên hạt quản lý; Lý trình quản lý; Tên đường; Thời gian bắt đầu ghi chép từ ngày…./…/…; đến ngày…./…/….; địa điểm..năm ..........
A14: 3) Hướng dẫn ghi số.
... A28: 12. Bảng số 12: bảng thống kê chi tiết vị trí đấu nối: điền các thông tin về kè, tường chắn: Lý trình; vị trí; bề rộng nền đường; kết cấu mặt đường; ghi chú rõ đường đấu nối vào bản, trường, UBND xã, cây xăng … và đánh giá mức độ ảnh hưởng đến ATGT (nếu có), đề xuất biện pháp khắc phục

Sheet Kh.Quat
A1: Tuyến được nâng lên quốc lộ (đường tỉnh) năm …, đường cấp…., bề rộng nền Bn=…., Bm=… mặt đường hiện trạng là mặt đường …..(láng nhựa, BTXM, BTN, cấp phối)
A2: Chiều dài | B2: … | C2: Km
A3: Điểm đầu giao với tuyến….tại Km….
A4: Điểm cuối giao với tuyến…. Tại Km
A5: Đi qua 05 xã , xã …..…..từ Km….-Km…..

Sheet 1. TH
A1: CÔNG TY…….. | AN1: Bảng 01
A2: Tên đường: ………….
A4: BẢNG TỔNG HỢP SỐ LIỆU QUẢN LÝ ĐƯỜNG
A6: TT | B6: Tên đường | C6: Chiều dài (Km) | D6: Điểm đầu | E6: Điểm cuối | F6: Cấp đường | G6: Nhà Hạt (cái) | H6: Đấu nối (vị trí) | I6: Kết cấu mặt đường | M6: Bề rộng mặt đường (m) | Q6: Cầu (cái/m) | R6: Cống (cái/m) | S6: Biển báo (biển) | T6: Cọc Tiêu (cọc) | U6: Cọc H (Cọc) | V6: Cọc Km (Cọc) | W6: Vạch sơn đường (m2) | X6: Hộ lan (m) | AA6: Hộ lan đá xây (m) | AB6: Rãnh xây + Bê tông (m) | AC6: MLG (cái) | AD6: Kè + tường chắn | AI6: Rãnh | AM6: Lề dường | AO6: Cây xanh (cây) | AP6: Chiếu sáng (cây) | AQ6: Ghi chú
I7: BTXM | J7: BT nhựa | K7: Đá nhựa | L7: Cấp phối | M7: ≥ 14m (4 làn) | N7: ≥ 7m (2 làn) | O7: 5-6,9m (2 làn) | P7: ≤ 5 | X7: Tôn sóng | Y7: BT | Z7: Đá xây | AD7: Ốp mái đá xây (m2) | AE7: Ốp mái BT (m2) | AF7: Rọ đá | AG7: Tường chắn BT (m) | AH7: Tường chắn đá xây (m) | AI7: Đá xây | AJ7: Bê tông | AK7: kín | AL7: hở | AM7: Đất | AN7: Gia cố BTXM, nhựa
A8: I | B8: K.L Hiện trạng
A9: 1
A10: =+A9+1 -> 2
A11: II | B11: Tổng cộng:

Sheet 2. (Mat)
AE1: Bảng số 02
A2: BẢNG THỐNG KÊ PHÂN LOẠI MẶT ĐƯỜNG
A3: Từ đoạn Km…+… - Km…+… Đường …
A4: Tính đến ngày 31 tháng 12 năm 2023
A5: Stt | B5: Lý trình | D5: Chiều dài (Km) | E5: B nền (m) | F5: B mặt (m) | J5: Kết cấu | O5: Cấp đường đồng bằng và đồi | T5: Cấp đường miền núi | Y5: Phân loại | AC5: Bàn giao thi công | AE5: Năm đại tu XDCB gần nhất | AF5: Năm có DA sửa chữa mặt đường | AG5: Thị xã, thị tứ, chiều dài từ Km đến Km | AH5: Ghi chú
B6: Từ Km | C6: Đến Km | F6: ≥ 14m (4 làn) | G6: ≥ 7m (2 làn) | H6: 5-6,9m (2 làn) | I6: ≤ 5 | J6: BTXM | K6: BT nhựa | L6: Đá nhựa | M6: Cấp phối | N6: Chiều dày mặt đường (cm) | O6: I | P6: II | Q6: III | R6: IV | S6: V | T6: I | U6: II | V6: III | W6: IV | X6: V | Y6: 1-3 năm | Z6: 4-6 năm | AA6: 7-9 năm | AB6: > 9 năm | AC6: Toàn bộ | AD6: Mặt đường
A7: 1 | B7: 2 | C7: 3 | D7: 4 | E7: 5 | F7: 6 | G7: 7 | H7: 8 | I7: 9 | J7: 10 | K7: 11 | L7: 12 | M7: 13 | N7: 14 | O7: 15 | P7: 16 | Q7: 17 | R7: 18 | S7: 19 | T7: 20 | U7: 21 | V7: 22 | W7: 23 | X7: 24 | Y7: 25 | Z7: 26 | AA7: 27 | AB7: 28 | AC7: 29 | AD7: 30 | AE7: 31 | AF7: 32 | AG7: 33 | AH7: 34
A8: I | B8: Hiện trạng
A17: II | B17: Dự án sửa chữa mặt đường 2024
A23: III | B23: Tổng

Sheet 3. (Cau)
AL1: Bảng số 03
A2: BẢNG THỐNG KÊ CẦU
A3: =+'2. (Mat)'!A3:AA3 -> Từ đoạn Km…+… - Km…+… Đường …
A4: =+'2. (Mat)'!A4:AA4 -> Tính đến ngày 31 tháng 12 năm 2023
A5: TT | B5: Tên cầu | C5: Tên đường | D5: Tên sông, suối (vượt) | E5: Địa danh (Tỉnh) | F5: Lý trình (Km) | G5: Chiều dài cầu (m) | H5: Chiều rộng (m) | I5: Bề rộng xe chạy (m) | J5: Tĩnh không TT (m) | K5: Kết cấu dầm nhịp (nhịp/mét) | T5: Kết cấu phần dưới | Z5: Tải trọng | AB5: Năm xây dựng | AC5: Năm khai thác | AD5: Tình trạng | AE5: Gối cầu | AG5: Loại KCG | AH5: Diện tích lan can cầu (m2) | AJ5: Ống thoát nước | AL5: Diện tích phát quang 2 đầu mố cầu (m2) | AM5: Diện tích dầm thép liên hợp (m2) | AN5: Diện tích đỉnh trụ (m2) | AO5: Diện tích đỉnh mố (m2)
K6: Số nhịp | L6: Sơ đồ nhịp | M6: Chiều dài (m) | N6: BTCT DƯL | O6: BTCT | P6: Dàn thép | Q6: I liên hợp | R6: Vòm | S6: Loại khác | T6: Mố TT | U6: Móng | V6: Thân | W6: Trụ TT | X6: Móng | Y6: Thân | Z6: Thiết kế | AA6: Thực tế | AE6: Số lượng (gối) | AF6: Loại gối | AH6: Phần BT | AI6: Phần tay vịn thép | AJ6: Số lượng (ống) | AK6: Chiều dài (m)
A7: 1 | B7: 2 | C7: 3 | D7: 4 | E7: 5 | F7: 6 | G7: 7 | H7: 8 | I7: 9 | J7: 10 | K7: 11 | L7: 12 | M7: 13 | N7: 14 | O7: 15 | P7: 16 | Q7: 17 | R7: 18 | S7: 19 | T7: 20 | U7: 21 | V7: 22 | W7: 23 | X7: 24 | Y7: 25 | Z7: 26 | AA7: 27 | AB7: 28 | AC7: 29 | AD7: 30 | AE7: 31 | AF7: 32 | AG7: 33 | AH7: 34 | AI7: 35 | AJ7: 36 | AK7: 37 | AL7: 38 | AM7: 39 | AN7: 40 | AO7: 41
A8: I | B8: Hiện trạng
A15: II | B15: Bổ sung, hư hỏng năm 2024
A19: III | B19: Tổng

Sheet 4. (Cong)
M1: Bảng số 04
A2: BẢNG THỐNG KÊ CỐNG CÁC LOẠI
A3: =+'2. (Mat)'!A3:AA3 -> Từ đoạn Km…+… - Km…+… Đường …
A4: =+'2. (Mat)'!A4:AA4 -> Tính đến ngày 31 tháng 12 năm 2023
A7: STT | B7: Lý trình | C7: Khẩu độ | D7: Kết cấu cống | G7: Chiều dài cống | M7: Tải trọng | N7: Năm xây dựng | O7: Tình trạng hiện tại
D8: Thân cống | E8: Đầu cống | G8: Tròn (m) | H8: Hộp (m) | I8: Bản (m) | J8: Vòm (m) | K8: Đ. Khan (m) | L8: Khác (m)
E9: T. Lưu | F9: H. Lưu
A10: I | B10: Hiện trạng
A15: II | B15: Hư hỏng, bổ sung năm 2024
A19: III | B19: Tổng
B22: Tổng cộng: | D22: … | E22: Cái | G22: …. | H22: md
B24: Cống tròn: | D24: … | E24: Cái | G24: … | H24: md
B25: Cống hộp: | D25: … | E25: Cái | G25: … | H25: md
B26: Cống bản: | D26: … | E26: Cái | G26: … | H26: md
B27: Cống vòm: | D27: … | E27: Cái | G27: … | H27: md
B28: Cống Đ. khan: | D28: … | E28: Cái | G28: … | H28: md
B29: Cống khác: | D29: … | E29: Cái | G29: … | H29: md

Sheet 5. (B.Bao)
I1: Bảng số 05
A2: BẢNG THỐNG KÊ HỆ THỐNG BÁO HIỆU ĐƯỜNG BỘ
A3: =+'2. (Mat)'!A3:AA3 -> Từ đoạn Km…+… - Km…+… Đường …
A4: =+'2. (Mat)'!A4:AA4 -> Tính đến ngày 31 tháng 12 năm 2023
A5: TT | B5: Lý trình | C5: Vị trí | F5: Biển báo các loại | K5: Gương cầu lồi | L5: Ghi chú
C6: Trái | D6: Giữa | E6: Phải | F6: Mặt biển | H6: Cột biển
F7: Số hiệu | G7: Diện tích (m2) | H7: Số cột | I7: Chiều dài (m) | J7: Diện tích (m2)
A8: I | B8: Hiện trạng
A13: II | B13: Hư hỏng, bổ sung năm 2024
Q16: p
A17: III | B17: Tổng
K21: HẠT TRƯỞNG

Sheet 6. (ATGT)
L1: Bảng số 06
A2: BẢNG THỐNG KÊ CÁC CÔNG TRÌNH ATGT
A3: =+'2. (Mat)'!A3:AA3 -> Từ đoạn Km…+… - Km…+… Đường …
A4: =+'2. (Mat)'!A4:AA4 -> Tính đến ngày 31 tháng 12 năm 2023
A5: TT | B5: Lý trình | D5: Cọc tiêu | G5: Cột H | I5: Cột Km | M5: Vạch sơn kẻ đường (m2) | N5: Rào chắn thép DPC | Q5: Ghi chú
B6: Từ | C6: Đến | D6: Số lượng (cọc) | F6: Diện tích (m2) | G6: Số lượng (cột) | H6: Diện tích (m2) | I6: Bê tông | K6: Thép | N6: Chiều dài (tấm) | O6: Số cột | P6: Diện tích (m2)
D7: Trái | E7: Phải | I7: Số lượng (cột) | J7: Diện tích (m2) | K7: Số lượng (cột) | L7: Diện tích (m2)
A8: I | B8: Hiện trạng
A14: II | B14: Bổ sung, sửa chữa năm 2024
A18: III | B18: Tổng
P21: HẠT TRƯỞNG

Sheet 7. (Ho lan)
S1: Bảng số 07
A2: BIỂU THỐNG KÊ CHI TIẾT HỆ THỐNG HỘ LAN
A3: =+'2. (Mat)'!A3:AA3 -> Từ đoạn Km…+… - Km…+… Đường …
A4: =+'2. (Mat)'!A4:AA4 -> Tính đến ngày 31 tháng 12 năm 2023
A5: TT | B5: Lý trình | D5: Hệ thống hộ lan | U5: Ghi chú
B6: Từ | C6: Đến | D6: Tôn sóng mạ kẽm (m) | G6: Mắt phản quang (cái) | H6: Tôn sóng sơn (m) | K6: Mắt phản quang (cái) | L6: Hộ lan cáp (m) | O6: Hộ lan bê tông (m) | R6: Hộ lan đá xây (m)
D7: Trái | E7: Phải | F7: Cộng | H7: Trái | I7: Phải | J7: Cộng | L7: Trái | M7: Phải | N7: Cộng | O7: Trái | P7: Phải | Q7: Cộng | R7: Trái | S7: Phải | T7: Cộng
A8: I | B8: Hiện trạng | D8: =+D9+D12 -> 0 | E8: =+E9+E12 -> 0 | F8: =+F9+F12 -> 0 | G8: =+G9+G12 -> 0 | H8: =+H9+H12 -> 0 | I8: =+I9+I12 -> 0 | J8: =+J9+J12 -> 0 | K8: =+K9+K12 -> 0 | ... M8: =+M9+M12 -> 0
A15: II | B15: Hư hỏng, bổ sung năm 2024
A19: III | B19: Tổng
T21: HẠT TRƯỞNG

Sheet 8. (MLG)
J1: Bảng số 08
A2: BẢNG THỐNG KÊ MỐC LỘ GIỚI, MỐC GPMB
A3: =+'2. (Mat)'!A3:AA3 -> Từ đoạn Km…+… - Km…+… Đường …
A4: =+'2. (Mat)'!A4:AA4 -> Tính đến ngày 31 tháng 12 năm 2023
A5: STT | B5: Lý trình | D5: Mốc lộ giới (cọc) | H5: Mốc GPMB (cọc) | L5: Ghi chú
B6: Từ | C6: Đến | D6: Trái | E6: Phải | F6: Tổng | G6: Diện tích (m2) | H6: Trái | I6: Phải | J6: Tổng | K6: Diện tích (m2)
A7: I | B7: Hiện trạng
A12: II | B12: Hư hỏng, bổ sung năm 2024
A16: III | B16: Tổng
K20: HẠT TRƯỞNG

Sheet 9. (Ke+TC)
S1: Bảng số 09
A2: BIỂU THỐNG KÊ KÈ, TƯỜNG CHẮN
A3: =+'2. (Mat)'!A3:AA3 -> Từ đoạn Km…+… - Km…+… Đường …
A4: =+'2. (Mat)'!A4:AA4 -> Tính đến ngày 31 tháng 12 năm 2023
A5: TT | B5: Lý trình | D5: Vị trí (trái, phải) | E5: Kè, tường chắn | S5: Năm đưa vào sử dụng | T5: Tình trạng hiện tại | U5: Ghi chú
B6: Từ | C6: Đến | E6: Kè ốp mái xây đá | G6: Kè ốp mái tấm bê tông | J6: Kè rọ thép | M6: Tường chắn bê tông | P6: Tường chắn đá xây
E7: Dài (m) | F7: Rộng (m) | G7: Dài (m) | H7: Rộng (m) | I7: Số lượng (tấm) | J7: Số lượng (rọ) | K7: Dài (m) | L7: Cao (m) | M7: Dài (m) | N7: Rộng (m) | O7: Cao (m) | P7: Dài (m) | Q7: Rộng (m) | R7: Cao (m)
A8: I | B8: Hiện trạng
A15: II | B15: Hư hỏng, bổ sung năm 2024
A19: III | B19: Tổng
T22: HẠT TRƯỞNG

Sheet 10. (Ranh)
X1: Bảng số 10
A2: BẢNG THỐNG KÊ RÃNH DỌC
A3: =+'2. (Mat)'!A3:AA3 -> Từ đoạn Km…+… - Km…+… Đường …
A4: =+'2. (Mat)'!A4:AA4 -> Tính đến ngày 31 tháng 12 năm 2023
A5: TT | B5: Lý trình | D5: Hệ thống rãnh dọc (m) | Z5: Tổng cộng | AA5: Ghi chú
B6: Từ | C6: Đến | D6: Rãnh đất (m) | F6: Rãnh xây gạch (m) | J6: Rãnh xây đá (m) | R6: Rãnh bê tông (m)
F7: Kín | H7: Hở | J7: Hình chữ nhật (m) | N7: Hình thang (m) | P7: Hình tam giác (m) | R7: Hình chữ nhật (m) | V7: Hình thang (m) | X7: Hình tam giác (m)
J8: Kín | L8: Hở | R8: Kín | T8: Hở
D9: Trái | E9: Phải | F9: Trái | G9: Phải | H9: Trái | I9: Phải | J9: Trái | K9: Phải | L9: Trái | M9: Phải | N9: Trái | O9: Phải | P9: Trái | Q9: Phải | R9: Trái | S9: Phải | T9: Trái | U9: Phải | V9: Trái | W9: Phải | X9: Trái | Y9: Phải
A10: I | B10: Hiện trạng
A16: II | B16: Hư hỏng, bổ sung năm 2024
A20: III | B20: Tổng
Z22: HẠT TRƯỞNG

Sheet 11. (L+P.co)
J1: Bảng số 11
A2: BIỂU THỐNG KÊ LỀ ĐƯỜNG, PHÁT QUANG
A3: =+'2. (Mat)'!A3:AA3 -> Từ đoạn Km…+… - Km…+… Đường …
A4: =+'2. (Mat)'!A4:AA4 -> Tính đến ngày 31 tháng 12 năm 2023
A5: TT | B5: Lý trình | D5: Lề đường (m) | I5: Phát quang (m2) | L5: Ghi chú
B6: Từ | C6: Đến | D6: Lề đất | F6: Lề gia cố | H6: Tổng cộng | I6: Phát quang taluy | K6: Tổng cộng
D7: Trái | E7: Phải | F7: Trái | G7: Phải | I7: Trái | J7: Phải
A8: I | B8: Hiện trạng
A13: II | B13: Bổ sung, sửa chữa năm 2024
A17: III | B17: Tổng
K21: HẠT TRƯỞNG

Sheet Bieu 11 (Ch.Sang+Cay xanh)
A1: BẢNG THỐNG KÊ HỆ THỐNG CHIẾU SÁNG VÀ CÂY XANH
A2: =+'2. (Mat)'!A3:AA3 -> Từ đoạn Km…+… - Km…+… Đường …
A3: =+'2. (Mat)'!A4:AA4 -> Tính đến ngày 31 tháng 12 năm 2023
A4: STT | B4: Lý trình | D4: Phía tuyến | E4: Hệ thống chiếu sáng | G4: Hệ thống cây xanh | I4: Ghi chú
B5: Từ | C5: Đến | E5: Số bóng (bóng) | F5: Số cột (cột) | G5: Số lượng (cây) | H5: Thảm cỏ, vườn hoa (m2)
H18: HẠT TRƯỞNG

Sheet 12. (Dau noi)
F1: Bảng số 12
A2: CHI TIẾT VỊ TRÍ ĐẤU NỐI
A3: ĐƯỜNG ….. (…... - …...)
A5: TT | B5: Lý trình | C5: Phía | E5: Kết cấu mặt đường đấu nối | G5: Ghi chú
C6: P | D6: T | E6: Bn (m) | F6: Mặt đường
A7: I | B7: Hiện trạng
G8: bản A
G9: Trường B
G10: UBND xã C
G11: Cây xăng D
A13: II | B13: Bổ sung đấu nối năm 2024
E19: HẠT TRƯỞNG
